<?xml version="1.0" encoding="UTF-8"?>
<application>
 <id type="desktop">exaile.desktop</id>
 <metadata_license>CC0-1.0</metadata_license>
 <project_license>GPL-2.0+</project_license>
 <name>Exaile</name>
 <summary>Listen to, explore, or manage your audio collection</summary>
 <description>
  <p>
   Exaile is a music player with a simple interface and powerful music
   management capabilities. Features include automatic fetching of album art,
   lyrics fetching, streaming internet radio, tabbed playlists, smart
   playlists with extensive filtering/search capabilities, and much more. 
  </p>
  <p>
   Exaile is written using python and GTK+ and is easily extensible via
   plugins. There are over 50 plugins distributed with Exaile that include
   advanced track tagging, last.fm scrobbling, support for portable media
   players, podcasts, internet radio such as icecast and Soma.FM,
   ReplayGain, output via a secondary output device (great for DJs!), and
   much more.
  </p>
 </description>
 <screenshots>
  <screenshot type="default" width="800" height="600">https://www.exaile.org/public/images/exaile-3.4.png</screenshot>
 </screenshots>
 <url type="homepage">https://www.exaile.org</url>
 <updatecontact>exaile-devel@googlegroups.com</updatecontact>
</application>